name,price,url
Подвесной светильник Ферум Orange,4490,https://www.divan.ru/product/podvesnoj-svetilnik-ferum-orange
Светильник потолочный Ринга Black,3990,https://www.divan.ru/product/svetilnik-potolochnyj-ringa-black
Торшер Бьйорк White,10 990,https://www.divan.ru/product/torsher-bjork-white
Подвесной светильник Тубули-5 Wood,11 990,https://www.divan.ru/product/podvesnoj-svetilnik-tubuli-5-wood
Бра Смастен White,3690,https://www.divan.ru/product/bra-smasten-white
Настольная лампа Арвика Wood,4990,https://www.divan.ru/product/nastolnaya-lampa-arvika-wood
Подвесной светильник Инлада Wood,8290,https://www.divan.ru/product/podvesnoj-svetilnik-inlada-wood
Настольная лампа Алней Orange,3990,https://www.divan.ru/product/nastolnaya-lampa-alnej-orange
Подвесной светильник Намсен Black,9290,https://www.divan.ru/product/podvesnoj-svetilnik-namsen-black
Люстра Ливсден Brown,13 990,https://www.divan.ru/product/lyustra-livsden-brown
Торшер Логмар Silver,17 990,https://www.divan.ru/product/torsher-logmar-silver
Подвесной светильник Гронтри-1 Wood,11 990,https://www.divan.ru/product/podvesnoj-svetilnik-grontri-1-wood
Бра Бракетт White,3490,https://www.divan.ru/product/bra-brakett-white
Подвесной светильник Отра Wood,16 290,https://www.divan.ru/product/podvesnoj-svetilnik-otra-wood
Подвесной светильник Кронор Orange,6990,https://www.divan.ru/product/podvesnoj-svetilnik-kronor-orange
Светильник потолочный Орхус White,16 990,https://www.divan.ru/product/svetilnik-potolochnyj-orhus-white
Подвесной светильник Рена Green,3490,https://www.divan.ru/product/podvesnoj-svetilnik-rena-green
Светильник потолочный Ринга White,3990,https://www.divan.ru/product/svetilnik-potolochnyj-ringa-white
Бра Берит Black,4290,https://www.divan.ru/product/bra-berit-black
Подвесной светильник Кронор Black,6990,https://www.divan.ru/product/podvesnoj-svetilnik-kronor-black
Настольная лампа Бьйорк White,3990,https://www.divan.ru/product/nastolnaya-lampa-bjork-white
Подвесной светильник Селау-2 Glass,3990,https://www.divan.ru/product/podvesnoj-svetilnik-selau-2-glass
Подвесной светильник Джамби Rattan,11 990,https://www.divan.ru/product/podvesnoj-svetilnik-djambi-rattan
Бра Пинна Black,5990,https://www.divan.ru/product/bra-pinna-black
Подвесной светильник Бьйорк White,7990,https://www.divan.ru/product/podvesnoj-svetilnik-bjork-white
Торшер Осло Blue,14 990,https://www.divan.ru/product/torsher-oslo-blue
Торшер Логмар Black,17 990,https://www.divan.ru/product/torsher-logmar-black
Бра Бьйорк White,2490,https://www.divan.ru/product/bra-bjork-white
Подвесной светильник Арвика Wood,6990,https://www.divan.ru/product/podvesnoj-svetilnik-arvika-wood
Подвесной светильник Бенфлит Black,5290,https://www.divan.ru/product/podvesnoj-svetilnik-benflit-black
Светильник потолочный Орхус Black,15 490,https://www.divan.ru/product/svetilnik-potolochnyj-orhus-black
Настольная лампа Требен Orange,2990,https://www.divan.ru/product/nastolnaya-lampa-treben-orange
Настольная лампа Сканди White,4690,https://www.divan.ru/product/nastolnaya-lampa-skandi-white
Подвесной светильник Ливсден Brown,4690,https://www.divan.ru/product/podvesnoj-svetilnik-livsden-brown
Подвесной светильник Бейла Black,5990,https://www.divan.ru/product/podvesnoj-svetilnik-bejla-black
Светильник потолочный Лаго White,10 990,https://www.divan.ru/product/svetilnik-potolochnyj-lago-white
Подвесной светильник Чинкве Silver,4990,https://www.divan.ru/product/podvesnoj-svetilnik-chinkve-silver
Торшер Энкель Black,4490,https://www.divan.ru/product/torsher-enkel-black
Люстра Малинг Multi,14 490,https://www.divan.ru/product/lyustra-maling-multi
Подвесной светильник Джамби-1 Rattan,7990,https://www.divan.ru/product/podvesnoj-svetilnik-djambi-1-rattan
Подвесной светильник Селау-1 Glass,4290,https://www.divan.ru/product/podvesnoj-svetilnik-selau-1-glass
Подвесной светильник Ферум Black,3290,https://www.divan.ru/product/podvesnoj-svetilnik-ferum-black
Бра Смастен Black,3690,https://www.divan.ru/product/bra-smasten-black
Подвесной светильник Кронор White,7990,https://www.divan.ru/product/podvesnoj-svetilnik-kronor-white
Подвесной светильник Тубули Wood,2490,https://www.divan.ru/product/podvesnoj-svetilnik-tubuli-wood
Настольная лампа Требен White,2990,https://www.divan.ru/product/nastolnaya-lampa-treben-white
Подвесной светильник Ферум Grey,2690,https://www.divan.ru/product/podvesnoj-svetilnik-ferum-grey
Подвесной светильник Квина Black,5990,https://www.divan.ru/product/podvesnoj-svetilnik-kvina-black
